_id,lid,place_id,label
1,1,1,House
2,2,1,Second-hand bookshop
3,3,1,Exhibition
4,4,1,Garden
5,1,2,Farnborough Hall
6,1,4,Countryside
7,1,3,Countryside
8,1,5,Countryside
9,1,6,Countryside
10,1,7,House
11,1,8,Countryside
12,1,9,Meeting house
13,1,11,Monument
14,1,13,Portmuck
15,2,13,Skernaghan Point
16,1,14,Forest
17,2,14,Entrance car park
18,3,14,Elgins car park
19,4,14,Shell house car park
20,5,14,Café
21,1,17,Dovecote
22,1,15,House
23,2,15,Garden
24,1,16,Garden
25,2,16,Parkland
26,3,16,Restaurant
27,4,16,Shop
28,5,16,Walk Wood
29,1,18,House
30,2,18,Deer Park
31,3,18,Pleasure Garden
32,4,18,Shop
33,5,18,Historic Kitchens
34,6,18,North Car Park (for Deer Park)
35,7,18,Main Car Park
36,8,18,Second-hand Bookshop
37,9,18,Audit Room Café
38,1,19,Housesteads Roman Fort
39,2,19,Hadrian's Wall
40,3,19,National Trust Visitor Centre
41,1,20,Courthouse
42,1,21,House
43,2,21,Garden
44,3,21,Shop
45,4,21,Old Dairy Cafe
46,5,21,Sun room kiosk
47,1,22,Countryside
48,1,23,Countryside
49,1,24,House
50,2,24,Car Park
51,3,24,Garden
52,4,24,Park
53,5,24,Shop
54,6,24,Tea-room
55,1,25,Nature reserve
56,2,25,Café
57,3,25,Car Park
58,4,25,Shop
59,5,25,Visitor Centre
60,1,26,South Snowdonia
61,1,27,Countryside
62,1,29,Moseley Old Hall
63,2,29,Garden and woodland
64,3,29,Tea-room
65,1,28,Clouds Hill
66,2,28,House
67,1,31,Countryside
68,1,30,Visitor centre and shop
69,1,33,Barn
70,1,32,House
71,1,34,Tarn Hows
72,1,35,Beaches
73,2,35,Lifeboat Road car park
74,3,35,Victoria Road beach car park
75,4,35,Countryside
76,5,35,Victoria Road toilets
77,6,35,Victoria Road woodland car park
78,1,37,House
79,2,37,Grounds
80,3,37,Tea-room
81,4,37,Second-hand Book Shop
82,5,37,Visitor Reception
83,1,36,Countryside
84,2,36,Tower tea kiosk
85,3,36,Tower
86,4,36,House
87,5,36,Kitchen
88,1,38,Stoneacre
89,1,39,Countryside
90,2,39,Shop
91,3,39,Tea-garden
92,1,40,Countryside
93,1,41,Countryside
94,1,42,Castle | Castell
95,2,42,Garden | Gardd
96,3,42,Tower | Tŵr
97,4,42,Shop | Siop
98,5,42,Café | Caffi
99,6,42,Estate | Ystâd
100,7,42,Home Farm Kiosk | Ciosg
101,1,43,Countryside
102,1,45,House
103,2,45,Grounds
104,3,45,Tea-room
105,4,45,Visitor Centre
106,5,45,Second-hand Book Shop
107,1,44,Countryside
108,1,46,Countryside
109,1,47,Plymbridge and the Upper Plym
110,1,48,Garden
111,2,48,Tea-room
112,3,48,Second-hand bookshop
113,1,50,House
114,2,50,Garden
115,3,50,Tea-room
116,4,50,Shop
117,1,49,Countryside
118,1,51,Central hall
119,2,51,Brewhouse Café
120,3,51,Garden
121,4,51,Stables
122,5,51,West wing
123,1,52,Watermill
124,1,54,Windmill
125,1,55,Countryside
126,1,56,Countryside
127,1,57,House
128,2,57,"Gardens, farmyard & lake"
129,3,57,Conti’s Café
130,4,57,Geler Jones Collection
131,5,57,Visitor reception and second hand bookshop
132,6,57,Car Park
133,7,57,Woodland walks
134,1,59,Manor house
135,2,59,Car Park
136,3,59,Estate walks
137,4,59,Garden
138,5,59,Tea-room
139,1,58,Lighthouse
140,2,58,Cafe 
141,1,60,Grounds
142,2,60,House
143,1,61,House
144,2,61,Estate
145,3,61,Grounds
146,4,61,Granary food kiosk
147,5,61,Second-hand bookshop
148,1,62,Coastline
149,1,63,House
150,2,63,Garden
151,1,64,Countryside
152,1,65,Manor house
153,2,65,Garden
154,3,65,Restaurant
155,4,65,Shop
156,5,65,Kiosk
157,1,66,Castle
158,1,67,Countryside
159,1,68,Nunnington Hall
160,1,70,Countryside
161,1,71,Barn
162,1,72,House
163,2,72,Garden
164,1,73,Countryside
165,1,74,Nature reserve
166,2,74,Facilities
167,1,75,Coastline
168,1,76,Countryside
169,1,77,Sunnycroft
170,1,79,Estate and walks
171,2,79,Home Farm Café (not NT)
172,1,81,Priest's House
173,1,78,Countryside
174,1,80,Castle
175,1,83,Countryside
176,1,82,Estate
177,2,82,Café
178,3,82,Shop
179,4,82,Visitor centre
180,1,84,House
181,2,84,Car Park
182,3,84,Coffee shop
183,4,84,Garden
184,5,84,Café
185,6,84,Shop
186,7,84,Kiosk
187,8,84,Bookshop
188,1,85,House
189,2,85,Car Park
190,3,85,Garden
191,4,85,Park
192,5,85,Stables Café
193,6,85,Shop
194,7,85,Second-hand bookshop
195,8,85,Badbury Rings car park
196,9,85,Kitchen Garden Kiosk 
197,1,86,Little Moreton Hall
198,1,88,Countryside
199,1,89,House
200,2,89,Garden
201,3,89,Old Oak Cafe
202,1,90,Countryside
203,1,91,House
204,2,91,Garden
205,3,91,Shop
206,4,91,Tea-room
207,5,91,Park Mill
208,1,92,Manor house
209,2,92,Garden
210,3,92,Pantry Café / Tea-room
211,4,92,Book Shop
212,1,93,Treaty Room
213,2,93,Grounds
214,1,94,Garden
215,2,94,Refreshments
216,1,96,Countryside
217,1,95,Hall
218,2,95,Garden
219,1,97,House
220,2,97,Grounds
221,3,97,Shop
222,4,97,Tea-room
223,5,97,Kiosk
224,1,99,House
225,2,99,Woodland
226,1,100,Countryside
227,1,102,Garden
228,2,102,Car Park
229,3,102,Tea-house 
230,4,102,Second-hand bookshop
231,1,101,Pop up exhibition
232,1,104,Countryside
233,1,105,Castle
234,2,105,Grounds
235,3,105,Kitchen Court Café
236,1,106,House
237,2,106,Shop
238,1,108,House and Garden 
239,2,108,Second-hand bookshop
240,1,107,Abbey
241,2,107,Garden 
242,3,107,Great Barn
243,4,107,Estate
244,5,107,Car park
245,6,107,Restaurant
246,7,107,Shop
247,1,109,House
248,2,109,Estate
249,3,109,Garden
250,4,109,Tea-room
251,5,109,Outbuildings
252,1,110,Manor
253,2,110,Garden
254,3,110,Café
255,4,110,Shop
256,1,111,Countryside
257,1,114,Windermere and Ambleside (countryside)
258,2,114,Bridge House
259,3,114,Stagshaw Gardens
260,1,116,House
261,2,116,Garden
262,3,116,Tea-room
263,1,115,Countryside
264,1,112,Hall
265,2,112,Garden
266,3,112,Museum
267,4,112,Shop
268,5,112,Tea-room
269,1,113,Dovecote
270,2,113,Stables
271,1,118,House
272,2,118,Community garden
273,1,119,Village
274,1,117,Greenway house 
275,2,117,Garden
276,3,117,Car Park
277,4,117,Barn Café
278,5,117,Shop
279,6,117,Second-hand bookshop
280,7,117,Tackroom takeaway 
281,1,122,Parkland
282,2,122,Car Park
283,3,122,Farm
284,4,122,Garden
285,5,122,Mansion
286,6,122,Old Hall
287,7,122,Stables Restaurant
288,8,122,Shops
289,9,122,Gardeners Cottage Tea-room
290,1,120,Countryside
291,1,123,Countryside
292,1,125,Coast and countryside
293,2,125,Boathouse Tea-room
294,3,125,Car parks
295,1,124,Countryside
296,1,126,Countryside
297,1,127,Inner Farne
298,2,127,Shop
299,3,127,Staple Island
300,1,128,Island
301,1,130,Countryside
302,1,129,Countryside
303,1,132,Manor house
304,2,132,Garden
305,3,132,Shop
306,4,132,Tea-room
307,5,132,Malthouse Gallery
308,1,131,Garden
309,2,131,Gastrobox
310,1,133,Countryside
311,2,133,Car Park
312,3,133,Tea-room
313,4,133,Toilet
314,1,134,Countryside
315,2,134,Corner House tea-room
316,3,134,Harbour Car Park
317,4,134,Glenmona Car Park
318,1,135,Castle
319,2,135,Car Park
320,3,135,Garden
321,4,135,Countryside
322,5,135,Visitor centre
323,6,135,Café
324,7,135,Shop
325,1,136,Coastline
326,1,137,Countryside
327,1,138,Countryside
328,1,140,Coastline
329,2,140,Causeway Coast Way Car Park 
330,3,140,Visitor Centre
331,1,139,Countryside
332,1,141,Coast and countryside
333,2,141,Porth Clais car park
334,1,142,Gardens
335,2,142,House
336,3,142,Shop
337,4,142,The Gallery Café
338,1,143,House
339,2,143,Café
340,3,143,Car Park
341,4,143,Garden
342,5,143,Park
343,6,143,Shop
344,1,145,House
345,2,145,Café
346,3,145,Garden
347,4,145,House tours
348,5,145,Shop
349,1,147,House
350,2,147,Garden
351,3,147,Restaurant
352,4,147,Shop
353,5,147,Walled garden
354,6,147,Kiosk
355,1,146,Cottage
356,2,146,Garden
357,1,148,Countryside
358,2,148,Car park
359,1,150,"Landscape garden, woodlands"
360,2,150,Chapel
361,3,150,Café
362,4,150,Car Park
363,1,149,Countryside
364,1,152,Devil's Dyke (countryside)
365,1,151,Tower
366,1,154,Staunton Harold
367,2,154,Café
368,1,155,Medieval Hall
369,1,153,Mill
370,1,156,Countryside
371,1,157,Godrevy countryside
372,2,157,Toilet
373,3,157,First small car parking area
374,4,157,Field car parking area
375,1,158,Mansion
376,2,158,Garden
377,3,158,Park
378,4,158,Tea-room
379,5,158,Second-hand bookshop
380,1,159,Countryside
381,2,159,Monument tours
382,1,161,The Homewood
383,1,160,Windmill
384,1,162,Countryside
385,1,163,Downs
386,2,163,The View Café
387,3,163,Chilterns Gateway Centre
388,4,163,Serving Hatch
389,1,165,House
390,2,165,South Lawn
391,3,165,Phoenix Kitchen
392,1,164,Coastline
393,2,164,Car park
394,3,164,Rope bridge
395,1,166,Cottage
396,2,166,Car Park
397,3,166,Shop
398,4,166,Tea-room
399,5,166,Constable Exhibition
400,6,166,Rowing Boat Hire
401,1,167,Coastline
402,2,167,Café (takeaway)
403,1,169,Post office
404,1,168,Countryside
405,1,170,House
406,2,170,Estate
407,3,170,Garden
408,4,170,Shop
409,5,170,Café
410,6,170,Second-hand bookshop
411,1,172,Garden
412,2,172," Car park, parkland and woodland walk"
413,3,172,House
414,4,172,Café
415,5,172,Shop
416,6,172,Second-hand bookshop
417,7,172,Cornwall Crafts Association
418,8,172,Ferry entrance
419,1,171,House
420,2,171,Garden
421,3,171,Mill
422,4,171,Plant centre
423,5,171,Redwoods Restaurant 
424,6,171,Shop
425,7,171,Bookshop
426,8,171,Hoe Fen Play Area & Treehouse 
427,1,173,Countryside
428,1,177,Castle
429,2,177,Corfe Castle Welcome Centre
430,3,177,Tea-room
431,4,177,Shop
432,5,177,Car Park
433,1,175,Tower
434,1,179,Cottage
435,1,176,Countryside
436,1,178,Garden
437,2,178,Car Park
438,3,178,Shop
439,4,178,Cafe
440,1,180,House
441,2,180,Garden
442,3,180,Toilet
443,1,181,Letocetum Museum
444,2,181,Letocetum Baths Site
445,1,182,Countryside
446,1,183,Countryside
447,2,183,Café
448,1,184,Countryside
449,1,185,Countryside
450,1,186,Entrance hall & stairs
451,1,187,Countryside
452,1,188,Countryside
453,2,188,Aira Force car park
454,3,188,Tea-room
455,1,189,House
456,2,189,Chapel
457,1,190,Countryside
458,2,190,Car park
459,1,191,Bridge
460,1,193,House
461,1,192,House (last entry 30mins before closing)
462,2,192,Wider parkland
463,3,192,Garden
464,4,192,Stables Coffeeshop 
465,5,192,Killerton Kitchen Café 
466,6,192,Shop and plant sales
467,7,192,Chapel
468,8,192,Second-hand bookshop
469,9,192,Marker's
470,10,192,Clyston Mill
471,1,195,Dodman and Black Head
472,1,197,Countryside
473,2,197,Café
474,3,197,Discovery Zone
475,4,197,Servery
476,5,197,Shop
477,1,194,Foremark
478,2,194,Café
479,1,196,House
480,2,196,Garden
481,3,196,Shop
482,1,199,House
483,2,199,Formal Garden and Rock Garden
484,3,199,Shop
485,4,199,Tea-room
486,5,199,Carriage Drive
487,1,198,Purbecks Heaths and Downs
488,1,200,Roseland
489,1,201,Workhouse
490,2,201,Café
491,3,201,Firbeck Infirmary
492,1,202,Garden
493,1,203,Estate
494,2,203,Welcome Building
495,3,203,Longshaw Café
496,1,204,House
497,2,204,Farm
498,3,204,Lady's Mile Walk
499,1,205,House
500,2,205,Café
501,3,205,Grounds
502,4,205,Shop
503,1,206,Fort
504,2,206,Countryside
505,1,208,Countryside
506,1,207,Manor
507,2,207,Garden
508,1,210,Dovecote
509,1,209,Countryside
510,2,209,Botallack Count House
511,1,211,Corn Mill
512,1,213,Coastline
513,1,212,Garden
514,2,212,Tea-room
515,1,215,Countryside
516,1,214,Visitor Centre
517,1,218,Garden
518,2,218,Estate walks
519,3,218,House
520,4,218,Old Castle
521,5,218,Shop
522,6,218,Tea-room
523,1,216,Garden and car park
524,2,216,House
525,3,216,Café
526,4,216,Shop
527,5,216,King Alfred's Tower
528,1,217,Countryside
529,1,220,Park
530,2,220,Walled Garden
531,3,220,House
532,4,220,Restaurant
533,5,220,Shop
534,6,220,RAF museum
535,1,219,Countryside
536,2,219,Memorials car park
537,3,219,Riverside car park
538,4,219,Tea-room
539,1,221,Countryside
540,1,222,House
541,2,222,Car park
542,3,222,Garden
543,4,222,Studio
544,5,222,Cafe
545,6,222,Shop
546,7,222,Second-hand bookshop 
547,8,222,Garden Cottage Coffee Shop
548,9,222,Visitor reception
549,10,222,Exhibition
550,1,223,Priory
551,1,224,Garden
552,2,224,Café
553,1,225,Garden
554,2,225,Car park
555,3,225,Parkland
556,4,225,Café
557,5,225,Watermill
558,1,226,Sugarloaf and Usk Valley
559,1,228,Garden
560,2,228,Countryside
561,3,228,Shop
562,4,228,Manor house
563,1,227,Middle Littleton Tithe Barn
564,1,230,Countryside
565,1,229,Countryside
566,1,232,House
567,2,232,Car Park
568,3,232,Garden
569,4,232,Kitchen garden
570,5,232,Wider estate
571,6,232,Tea-room
572,7,232,Carriage Museum 
573,1,233,Abergwesyn Common
574,1,234,House
575,2,234,Garden
576,3,234,Park
577,4,234,Tea-room
578,1,235,Car Park
579,2,235,Garden
580,3,235,House
581,4,235,Museum 
582,1,236,Hall
583,2,236,Garden
584,3,236,Park
585,4,236,Home Farm
586,5,236,Farm Café
587,6,236,Old Rectory Restaurant
588,7,236,Stable Café
589,8,236,Shop
590,9,236,Visitor Welcome
591,1,239,Rievaulx Terrace
592,1,237,Countryside
593,1,238,Countryside
594,1,240,House
595,2,240,Café
596,3,240,Gardens
597,4,240,Parkland
598,5,240,Welcome Point & Plant Shop
599,6,240,Porter's Lodge Outdoor Café
600,7,240,Shop
601,8,240,Cycle Hire
602,1,241,Countryside
603,1,243,Garden
604,1,245,Lanlay
605,1,244,House
606,2,244,Garden
607,1,246,Countryside
608,1,247,Countryside
609,1,248,Countryside
610,1,249,Gardens & Medieval Hall
611,2,249,Cafe
612,1,250,Countryside
613,2,250,Car park
614,1,251,Cliffs
615,1,252,House
616,2,252,Café
617,3,252,Car Park
618,4,252,Estate
619,5,252,Woodland
620,6,252,Shop
621,7,252,Walled garden
622,1,253,Countryside
623,1,254,House
624,2,254,Garden
625,3,254,Shop
626,1,257,Lyveden 
627,1,256,Mr Straw's House
628,1,258,Countryside
629,1,259,Countryside
630,1,260,House
631,2,260,Garden
632,3,260,Tea-room
633,1,261,Countryside
634,1,262,Garden
635,1,263,Castlefield Viaduct
636,1,264,Tithe Barn
637,1,265,House
638,2,265,Garden
639,1,266,Countryside
640,2,266,Tern Café 
641,1,267,Garden
642,2,267,Mansion
643,3,267,Millennium Seed Bank
644,4,267,Seeds Café
645,5,267,Shop
646,6,267,Stables Kitchen
647,1,269,Countryside
648,1,268,Countryside
649,1,270,House
650,2,270,Garden
651,3,270,Shop
652,4,270,Tea-room
653,1,271,Garden
654,2,271,Shop
655,3,271,Tea-room
656,1,272,Countryside
657,1,275,Garden
658,2,275,Café
659,3,275,Car Park
660,4,275,House
661,5,275,Plant centre
662,6,275,Second-hand bookshop
663,7,275,Shop
664,8,275,Woods
665,9,275,Gallery
666,10,275,Kiosk
667,11,275,Riding House
668,1,276,Countryside
669,1,274,Houses
670,1,277,Castle
671,2,277,Entrance point
672,3,277,Garden
673,4,277,Parkland
674,5,277,Tenants' Hall pop-up café
675,6,277,Shop
676,7,277,Camellia House
677,8,277,Watermill
678,9,277,Watermill tea-room 
679,1,278,Beach
680,2,278,Car Park
681,3,278,Toilet
682,1,279,Hall and Galleries 
683,2,279,Garden
684,3,279,Restaurant / Brew House
685,4,279,Shop
686,1,281,House
687,2,281,Garden
688,1,282,Chapel
689,2,282,Garden
690,1,284,Museum
691,1,285,Countryside
692,1,287,Countryside
693,1,290,Nature reserve
694,2,290,Lifeboat House (Blakeney Point)
695,1,288,East Pool Mine
696,2,288,Michell's Engine House
697,3,288,Taylor's Engine House
698,1,289,Countryside
699,1,291,Tranmer House & Exhibition Hall
700,2,291,Café 
701,3,291,Shop
702,4,291,Estate walks
703,5,291,Keepers' Café 
704,6,291,Bookshop
705,7,291,Tower
706,1,292,House
707,2,292,Garden
708,3,292,Café
709,1,293,Countryside
710,1,294,Lorna Doone Valley
711,2,294,Shop
712,3,294,Tea-room
713,4,294,Car park
714,5,294,Toilets
715,1,296,House
716,2,296,Garden
717,3,296,Park
718,4,296,Stables Restaurant
719,5,296,Muddy Boots Café
720,6,296,Shop
721,7,296,Bookshop
722,8,296,"Woodgate, Bucks Common & Fisherman's car parks"
723,9,296,Cycle hire
724,1,295,Stone Circle
725,2,295,Alexander Keiller Museum
726,3,295,Avebury Manor house
727,4,295,Avebury Manor garden
728,5,295,National Trust shop
729,6,295,Cobblestones second-hand books
730,7,295,Circles Restaurant
731,1,297,Mansion
732,2,297,Garden
733,3,297,Grounds
734,4,297,Second-hand bookshop
735,5,297,Shop
736,6,297,Stableyard tea-room
737,1,298,House and garden
738,1,300,Countryside
739,1,299,Countryside
740,1,301,Parkland
741,2,301,Newton House
742,3,301,Dinefwr Castle
743,4,301,Café
744,5,301,Car Park
745,6,301,Deer-park
746,1,302,Parkland
747,2,302,Car Park
748,3,302,Garden centre
749,4,302,Potting Shed Café
750,5,302,Rose garden
751,6,302,Second-hand bookshop
752,7,302,Stableyard café
753,1,305,House
754,2,305,Car park
755,3,305,Grounds
756,4,305,Second-hand bookshop
757,5,305,Takeaway kiosk
758,1,304,House
759,2,304,Tea-room
760,3,304,Garden
761,1,307,House
762,2,307,Calke Park National Nature Reserve
763,3,307,Garden
764,4,307,Restaurant
765,5,307,Shop
766,6,307,Stables
767,7,307,Cycle Hire
768,1,306,Market House
769,1,308,Countryside
770,1,309,Garden
771,2,309,Car Park
772,1,310,Countryside
773,1,312,Parkland
774,2,312,Garden
775,3,312,House
776,4,312,Tea-room
777,5,312,Shop
778,6,312,Second-hand bookshop
779,7,312,Exhibition space
780,8,312,Basement
781,1,311,Countryside
782,1,313,Countryside
783,1,314,House
784,2,314,Garden
785,3,314,Park
786,4,314,Stables café
787,5,314,Tea-room
788,1,315,Countryside
789,1,316,House
790,2,316,Car Park
791,3,316,Garden
792,1,318,House
793,1,317,Countryside
794,1,319,Castle
795,2,319,What a World Exhibition
796,3,319,Garden
797,4,319,Shop
798,5,319,Castle Cafe
799,6,319,Railway Museum
800,7,319,Victorian kitchens
801,8,319,Stable Cafe Kiosk
802,1,320,Countryside
803,1,323,Coleridge Cottage
804,1,321,Countryside
805,1,322,Melford Hall
806,2,322,Garden
807,3,322,Tea-room
808,1,325,Compton Castle
809,1,326,Full lake / Walkers cruise
810,2,326,North Lake Cruise
811,3,326,South Lake Cruise
812,4,326,South Lake Cruise 2’ 
813,1,324,Manor house
814,2,324,Coffee shop
815,3,324,Garden
816,4,324,Science Discovery Centre
817,5,324,Gift Shop
818,1,328,Newtimber Hill
819,1,329,Countryside
820,2,329,Car park
821,1,330,Stainsby Mill
822,1,332,Coastline
823,1,331,Countryside
824,2,331,Walker's Hut
825,1,333,House
826,2,333,Café
827,3,333,Grounds
828,4,333,Bookshop
829,1,334,Watermill
830,2,334,Grounds
831,1,336,Countryside
832,1,335,Lydford Gorge trail
833,2,335,Waterfall car park
834,3,335,Waterfall trail
835,4,335,Waterfall tea-room 
836,5,335,Devil's Cauldron car park
837,6,335,Devil’s Cauldron trail
838,7,335,Devil's Cauldron tea-room
839,8,335,Second-hand bookshop
840,1,337,Garden
841,2,337,Café 
842,3,337,Park
843,4,337,Parlour Rooms and Bookshop
844,5,337,Shop
845,1,338,Countryside
846,1,339,Garden
847,2,339,Winthrop's Café
848,3,339,Shop
849,4,339,Barn Café
850,5,339,Plant sales
851,6,339,Second-hand bookshop
852,1,340,House
853,2,340,Park
854,3,340,Pleasure Grounds
855,4,340,Restaurant
856,5,340,Shop
857,1,341,Countryside
858,1,342,Monksthorpe Chapel
859,2,342,Grounds
860,1,344,Birmingham Back to Backs
861,2,344,Second-hand bookshop
862,3,344,Exhibition space
863,1,343,Countryside
864,1,346,Castle
865,2,346,Clive Museum
866,3,346,Garden
867,4,346,Garden coffee shop
868,5,346,Courtyard Café
869,6,346,Shop
870,7,346,Garden shop
871,1,348,House
872,2,348,House (Guided tour)
873,1,349,Castle
874,2,349,Garden
875,3,349,Shop
876,1,350,Countryside
877,2,350,Car Park Upper
878,3,350,Car Park Lower
879,4,350,Barn Cafe
880,5,350,Toilets
881,1,353,Beach
882,2,353,Car Park
883,3,353,Café
884,4,353,Shop
885,1,352,Car Park
886,2,352,Grounds
887,3,352,West Range
888,4,352,Visitor centre
889,5,352,Museum
890,6,352,Café 
891,7,352,Shop
892,1,354,Brecon Beacons (Central)
893,1,355,Countryside
894,1,357,Car park
895,2,357,Café 
896,3,357,Toilet
897,4,357,Shop
898,5,357,Fan Bay Deep Shelter
899,1,356,Countryside
900,1,358,Clifftop walks
901,2,358,Shop
902,3,358,Tea-room
903,1,359,Outdoor Centre campsite
904,2,359,Countryside
905,3,359,Villano Café
906,1,360,Mausoleum
907,2,360,South Lodge Barn
908,3,360,Woodland
909,1,361,Countryside
910,1,363,House
911,2,363,Café
912,3,363,Estate
913,4,363,Exhibition
914,5,363,Garden
915,6,363,Shop
916,1,364,House
917,2,364,Galleries
918,3,364,Garden
919,4,364,Park
920,5,364,Second-hand bookshop
921,6,364,Tea-room
922,7,364,Comer Wood car park 
923,8,364,Café in Comer Woods
924,9,364,Old Sawmill car park
925,10,364,Hampton Loade car park
926,1,365,Clevedon Court
927,1,369,Countryside
928,1,368,House
929,2,368,Car park 
930,3,368,Garden
931,4,368,Park
932,5,368,Park Café
933,6,368,Shop
934,7,368,Chapel tearoom
935,8,368,Second-hand bookshop
936,1,370,Garden and estate
937,2,370,Tea Pavilion
938,3,370,House
939,1,371,House
940,2,371,Guided Tours
941,3,371,Garden
942,4,371,Outbuildings
943,5,371,Park
944,6,371,Shop
945,7,371,Tea-room
946,1,373,Press Room
947,1,372,Countryside
948,2,372,Wasdale Campsite
949,1,374,Countryside
950,1,376,Countryside
951,1,375,Showrooms
952,2,375,Gatehouse tower
953,3,375,Brewhouse Café 
954,4,375,Car park
955,5,375,Park
956,6,375,Bookshop
957,7,375,Toilets 
958,8,375,Royal Oak Foundation conservation studio
959,9,375,Shop
960,1,377,House
961,2,377,Costume collection
962,3,377,Grounds
963,4,377,Visitor centre
964,1,378,House
965,2,378,Garden
966,1,379,Countryside
967,1,380,Woolbeding Gardens
968,1,381,Countryside
969,1,383,Castle
970,2,383,Shop
971,1,384,Rainham Hall
972,2,384,Garden
973,1,385,Strangford Lough
974,1,387,Finch Foundry
975,1,386,Gallery
976,1,389,Countryside
977,1,388,House
978,2,388,Car Park
979,3,388,Respryn car park
980,4,388,Garden
981,5,388,Park Café 
982,6,388,Plant centre
983,7,388,Estate
984,8,388,Cycle trails
985,9,388,Courtyard refreshments
986,10,388,Cycle hire
987,11,388,Shop
988,12,388,Bookshop
989,1,390,Farm house
990,2,390,Garden and grounds
991,3,390,Countryside
992,1,391,Countryside
993,1,393,Hardy Monument 
994,2,393,Car park
995,1,392,Carneddau and Glyderau
996,1,394,House
997,2,394,Kitchen café
998,3,394,Meadow & parterre
999,4,394,Coach House café 
1000,5,394,Park walks
1001,6,394,Engine Room bookshop
1002,1,395,Heath
1003,2,395,Car Park
1004,3,395,Visitor Information
1005,4,395,Tea-room
1006,5,395,Kiosk
1007,1,397,Countryside
1008,1,398,Countryside
1009,1,400,House
1010,2,400,Garden
1011,3,400,Parkland
1012,4,400,Café
1013,1,399,House
1014,2,399,Formal garden
1015,3,399,Shop
1016,4,399,Tea-room
1017,5,399,Temple of the Winds
1018,6,399,Trails
1019,7,399,Horsebox Catering Kiosk
1020,1,401,Guildhall
1021,2,401,Tea-room
1022,1,402,Countryside
1023,2,402,Nimmings Wood carpark
1024,1,405,Countryside
1025,1,403,Countryside
1026,1,406,Countryside
1027,1,407,House
1028,2,407,Adventure playground
1029,3,407,Below stairs tours
1030,4,407,Garden
1031,5,407,Park
1032,6,407,Ride Play Café
1033,7,407,Shop
1034,8,407,Stables Café
1035,1,409,Countryside
1036,1,408,Newtown National Nature Reserve
1037,2,408,Old Town Hall
1038,1,410,Cleddau Woodlands
1039,1,411,Gardens
1040,2,411,Parkland
1041,3,411,Café
1042,4,411,Car Park
1043,1,412,Countryside
1044,1,414,Works
1045,1,413,Gatehouse
1046,1,415,House
1047,2,415,Garden
1048,1,417,Mill
1049,2,417,Apprentice House
1050,3,417,Quarry Bank House
1051,4,417,Garden
1052,5,417,Estate
1053,6,417,Upper Garden Cafe
1054,7,417,Car Park
1055,8,417,Weaving Shed Restaurant
1056,9,417,Mill shop
1057,1,416,Countryside
1058,1,418,Countryside
1059,1,419,Countryside
1060,2,419,Café
1061,3,419,Visitor centre
1062,4,419,Shop
1063,5,419,Toilet
1064,1,420,Hare Hill
1065,1,422,Countryside
1066,1,421,Car Park
1067,2,421,Café
1068,3,421,Visitor Information
1069,1,423,House
1070,2,423,Church
1071,3,423,Garden
1072,4,423,Park
1073,5,423,Shop
1074,6,423,Tea-room
1075,1,424,Hall
1076,2,424,Car Park
1077,3,424,Garden
1078,4,424,Parkland
1079,5,424,Tea-room
1080,1,425,House
1081,2,425,Garden
1082,3,425,Park
1083,4,425,Car Park
1084,5,425,Crow Wood Playscape
1085,6,425,Timber Yard Café
1086,7,425,Refreshment Kiosk
1087,8,425,Hall Shop
1088,9,425,Timber Yard Shop
1089,10,425,House Tearoom
1090,11,425,Pre-loved bookshop
1091,1,426,Countryside
1092,2,426,Café
1093,3,426,Shop
1094,1,427,Garden
1095,2,427,Café
1096,3,427,Thatched Cottage
1097,1,428,House: ground floor
1098,2,428,Garden
1099,3,428,Kitchen garden
1100,4,428,Parkland and Woodland
1101,5,428,Café
1102,6,428,Conservatory Tea-Room
1103,7,428,Shop
1104,8,428,Plant centre
1105,9,428,Main car park
1106,10,428,Parkland car park
1107,11,428,Secondhand bookshop
1108,12,428,Visitor Welcome 
1109,1,429,Hezlett House
1110,2,429,Mussenden Temple
1111,3,429,Downhill Demesne Facilities
1112,4,429,Downhill Demesne Grounds
1113,1,430,Garden
1114,2,430,Art gallery
1115,3,430,House
1116,4,430,Kitchen Café
1117,5,430,Coach House Café
1118,6,430,Shop
1119,1,431,Abbey grounds
1120,2,431,Car park
1121,3,431,Abbey rooms
1122,4,431,Abbey cloisters
1123,5,431,Fox Talbot Museum
1124,6,431,Courtyard tea-room
1125,7,431,Stables café
1126,8,431,Shop
1127,9,431,Village
1128,10,431,Second-hand bookshop
1129,1,432,Countryside
1130,1,434,Dapdune Wharf
1131,2,434,Bookshop
1132,3,434,Lock keeper’s Café 
1133,4,434,Visitor centre
1134,1,433,Countryside
1135,1,435,House
1136,2,435,Garden
1137,1,436,Countryside
1138,2,436,Gibson Mill
1139,3,436,Weaving Shed Café
1140,1,437,House
1141,2,437,Café
1142,3,437,Garden
1143,4,437,Shop
1144,5,437,Secondhand bookshop
1145,1,438,Porth y Swnt
1146,2,438,Henfaes car park
1147,1,440,House
1148,2,440,Bookshop
1149,3,440,Garden
1150,4,440,Parkland
1151,5,440,Shop
1152,6,440,Squire's pantry
1153,1,439,Park
1154,2,439,Car park
1155,3,439,Boathouse Café
1156,4,439,Active Base
1157,1,441,Countryside
1158,1,442,Abereiddi to Abermawr
1159,1,444,Park
1160,2,444,Car park
1161,3,444,Cycle hire
1162,4,444,Discovery Centre
1163,5,444,Café
1164,6,444,Shop
1165,7,444,Toilet
1166,8,444,Walled kitchen garden
1167,1,443,House
1168,2,443,Garden
1169,1,445,Coastline
1170,1,446,Coastline
1171,1,447,Watermill
1172,1,451,Cottage
1173,1,449,Great Hall
1174,2,449,Grounds
1175,1,448,Mill
1176,2,448,Sawmill Snacks
1177,1,452,Allan Bank
1178,1,450,Nature reserve
1179,1,453,Clyston Mill
1180,1,455,Levant Beam Engine
1181,1,456,Castle
1182,1,457,Garden
1183,2,457,Parkland
1184,3,457,Car park
1185,4,457,House
1186,5,457,Shop
1187,6,457,Book Barn
1188,7,457,Strode Café
1189,1,458,Horsey Windpump
1190,2,458,Car Park
1191,3,458,Café
1192,1,459,Countryside
1193,1,461,Garden (last entry 4pm)
1194,2,461,Tea Shed
1195,1,460,House
1196,2,460,Visitor centre and Cottage Garden
1197,1,462,Pentire
1198,2,462,Pentyr Café
1199,1,463,King John's Hunting Lodge
1200,1,464,Great Coxwell Barn
1201,1,465,St John's Jerusalem
1202,1,467,Dovecote
1203,1,466,Countryside
1204,2,466,Garden and tea room
1205,3,466,Rock Houses
1206,1,469,Castle
1207,2,469,Car Park
1208,3,469,Shop
1209,4,469,Wharf Tea-room
1210,5,469,Castle grounds
1211,6,469,Castle View Cafe
1212,7,469,Riverside Second-hand Bookshop
1213,1,468,Beach
1214,2,468,Beach car park
1215,3,468,Farmhouse
1216,4,468,Campsite
1217,1,471,Pub
1218,1,470,Boarstall Duck Decoy
1219,1,472,The Buscot and Coleshill Estates
1220,2,472,Mill and Replica Bunker
1221,1,473,Rayleigh Mount
1222,1,474,Countryside
1223,1,476,House state rooms
1224,2,476,Servants quarters and doll's house
1225,3,476,Café
1226,4,476,Garden
1227,5,476,Second-hand bookshop
1228,1,475,Mansion ground floor
1229,2,475,Mansion basement
1230,3,475,Carriage House Café
1231,4,475,Park
1232,5,475,Playground
1233,6,475,Shop
1234,7,475,Walled garden
1235,8,475,Mansion tea-room
1236,1,477,Castle
1237,1,478,Hill
1238,1,479,Grounds
1239,2,479,Little Orchard Tea-room
1240,3,479,Visitor Centre
1241,1,480,White Park Bay
1242,2,480,Car Park
1243,1,481,Manor house
1244,2,481,Garden
1245,1,482,House
1246,2,482,Café 
1247,3,482,Car Park
1248,4,482,Garden
1249,5,482,Parkland
1250,6,482,Shop
1251,7,482,Second-hand bookshop
1252,1,483,Countryside
1253,1,484,House
1254,2,484,Café
1255,3,484,Car Park
1256,4,484,Garden
1257,5,484,Mill
1258,6,484,Park
1259,7,484,Restaurant
1260,8,484,Shop
1261,9,484,Stables
1262,1,485,Woodland
1263,2,485,Car parks
1264,3,485,Walled garden
1265,4,485,The Gallery
1266,5,485,Tea-room
1267,6,485,Second-hand bookshop
1268,1,486,Park
1269,2,486,Courtyard Café
1270,1,488,Park
1271,2,488,Round House
1272,1,489,Countryside
1273,1,487,House
1274,2,487,Farmhouse
1275,3,487,Garden
1276,4,487,Parkland
1277,5,487,Lichfield Apartments
1278,6,487,Servants' quarters
1279,7,487,Shop
1280,8,487,Mansion Tea-room
1281,9,487,Walled garden
1282,10,487,Park Farm Café
1283,1,490,House
1284,2,490,Garden
1285,1,491,House
1286,2,491,Aviary
1287,3,491,Gardens
1288,4,491,Manor restaurant
1289,5,491,Shop
1290,6,491,Woodland playground
1291,7,491,House exhibition
1292,8,491,Coach House gallery
1293,9,491,Food to Go outlets
1294,1,492,House
1295,2,492,Car parks
1296,3,492,Estate and quay
1297,4,492,Garden
1298,5,492,Barn Restaurant
1299,6,492,Shop and plant sales
1300,7,492,Bull Pen Gallery
1301,8,492,The Edgcumbe Tea-Room
1302,9,492,Mill
1303,10,492,Sawmill Snacks
1304,1,493,Manor house
1305,1,495,Hall 
1306,2,495,Gardens
1307,3,495,Restaurant
1308,1,494,Church
1309,1,497,Countryside
1310,1,496,Garden and Woodlands
1311,2,496,Shop
1312,3,496,Chapel
1313,4,496,The Conservatory Café
1314,5,496,Woodland car park
1315,6,496,Refreshment kiosk
1316,7,496,Second-hand bookshop
1317,8,496,Storybook play area and Maze
1318,1,499,Chapel Porth countryside
1319,2,499,Car park
1320,1,498,Coastline
1321,1,501,Watermill
1322,2,501,Cafe 
1323,3,501,Second-hand bookshop
1324,1,500,Coastline
1325,2,500,Car park
1326,1,504,Ilam Park
1327,2,504,Dovedale carpark
1328,3,504,Ilam Park tea-room
1329,4,504,Ilam Park Changing Place
1330,1,502,Coleton Fishacre house 
1331,2,502,Garden
1332,3,502,Café Coleton
1333,4,502,Shop
1334,5,502,Food Kiosk
1335,1,507,Countryside
1336,1,506,Countryside
1337,1,505,Countryside
1338,1,509,House
1339,2,509,Garden
1340,3,509,Restaurant
1341,4,509,Shop
1342,1,508,Countryside
1343,1,511,Assembly Rooms
1344,2,511,Shop
1345,1,510,Chapel
1346,1,512,Countryside
1347,1,514,Garden
1348,2,514,Shop
1349,3,514,Tea-room
1350,1,513,Coastline
1351,2,513,Countryside
1352,3,513,Old Coastguard Station
1353,4,513,Ravenscar Visitor Centre
1354,1,516,Westwood Manor
1355,1,517,Leigh Woods
1356,1,515,Estate
1357,1,519,Spade Mill
1358,1,518,Old Bakery
1359,2,518,Countryside
1360,3,518,Mill
1361,1,520,Countryside
1362,1,521,Countryside
1363,1,522,Countryside
1364,1,523,Countryside
1365,1,524,Coastline
1366,1,525,Countryside
1367,1,526,Countryside
1368,1,527,Farmhouse
1369,1,528,House
1370,1,530,House
1371,2,530,Garden
1372,3,530,Park
1373,4,530,Second-hand bookshop
1374,5,530,Shop
1375,6,530,Stables Café
1376,7,530,Winter Exhibition in House Basement
1377,8,530,Cycle hire
1378,1,533,Lodge Park
1379,2,533,Sherborne Estate
1380,1,534,Countryside
1381,2,534,Car park
1382,3,534,Sandleigh tea-room
1383,1,536,House
1384,2,536,Grounds
1385,3,536,Tea-room
1386,1,537,Castle
1387,2,537,Garden
1388,3,537,Park
1389,4,537,Tea-room
1390,5,537,Second-hand bookshop
1391,1,538,Manor house
1392,2,538,Garden
1393,3,538,Priest's House
1394,4,538,Shop
1395,5,538,Café
1396,6,538,Second-hand bookshop
1397,1,539,Coastline
1398,1,540,Lighthouse
1399,2,540,Tea-room
1400,3,540,Takeaway kiosk
1401,4,540,Toilets
1402,1,541,Countryside
1403,1,542,House
1404,1,545,Manor house
1405,2,545,Garden
1406,3,545,Great Hall
1407,4,545,Shop
1408,5,545,Tea-room
1409,1,548,House
1410,2,548,Estate
1411,3,548,Cow Barn Café
1412,4,548,Pavilion Café
1413,5,548,Shop
1414,6,548,Second-hand bookshop
1415,1,547,Watermill
1416,2,547,Car Park
1417,3,547,Tea-room
1418,1,546,Arboretum
1419,2,546,Tea-room
1420,1,549,Garden
1421,2,549,Estate
1422,3,549,Restaurant
1423,4,549,Shop
1424,5,549,Tower
1425,6,549,Long Library
1426,7,549,South Cottage
1427,8,549,Coffee Shop
1428,9,549,Exhibition
1429,1,550,House
1430,1,551,Countryside
1431,1,552,Countryside
1432,1,554,Countryside
1433,1,555,Philipps House
1434,2,555,Dinton Park
1435,1,556,Mines
1436,2,556,Estate and walks
1437,3,556,Car Park
1438,4,556,Caravan site
1439,1,557,House
1440,2,557,Garden
1441,3,557,Tea-room
1442,1,558,Park
1443,1,559,Countryside
1444,2,559,Sidmouth shop
1445,1,562,Garden
1446,2,562,House
1447,1,563,Countryside
1448,2,563,Pantry
1449,1,561,New Battery
1450,2,561,Old Battery
1451,3,561,Tea-room
1452,1,564,Countryside
1453,1,566,Cottage
1454,1,567,Manor house
1455,1,568,Manor house
1456,1,570,House
1457,2,570,Garden
1458,1,571,House
1459,2,571,Café
1460,3,571,Grounds
1461,4,571,Park
1462,5,571,Shop
1463,6,571,Kiosk
1464,1,575,House
1465,2,575,Car Parks 
1466,3,575,Garden
1467,4,575,Parkland
1468,5,575,Restaurant
1469,6,575,Shop
1470,7,575,Natural play area
1471,1,577,House
1472,2,577,Entrance point
1473,3,577,Garden
1474,4,577,Kiosk - Park Centre
1475,5,577,Park
1476,6,577,Restaurant
1477,7,577,Shop
1478,8,577,Second Hand bookshop
1479,1,579,Abbey and water garden admission
1480,2,579,Visitor centre car park
1481,3,579,Visitor centre shop
1482,4,579,Visitor centre restaurant
1483,5,579,Studley refreshments
1484,6,579,Studley Royal Deer Park
1485,7,579,Studley Royal car park
1486,8,579,St Mary's Church
1487,1,578,Countryside
1488,2,578,Kiosk
1489,3,578,Visitor centre
1490,4,578,Second-hand bookshop
1491,1,580,Sticklebarn
1492,2,580,Countryside
1493,3,580,Great Langdale Campsite
1494,1,581,House
1495,2,581,Garden
1496,3,581,Shop
1497,4,581,Tea-room
